{
    "taj mahal": {
        "chirag" : "if you're traveling to India, visiting the Taj Mahal is probably on your bucket list- and it absolutely should be! It's one of the most romantic and opulent monuments on the planet- and deservedly, one of the 7 New Wonders of the World",
        "paras" : "if you're traveling to India, visiting the Taj Mahal is probably on your bucket list- and it absolutely should be! It's one of the most romantic and opulent monuments on the planet- and deservedly, one of the 7 New Wonders of the World",
        "prachi" : "if you're traveling to India, visiting the Taj Mahal is probably on your bucket list- and it absolutely should be! It's one of the most romantic and opulent monuments on the planet- and deservedly, one of the 7 New Wonders of the World",
        "riya" : "if you're traveling to India, visiting the Taj Mahal is probably on your bucket list- and it absolutely should be! It's one of the most romantic and opulent monuments on the planet- and deservedly, one of the 7 New Wonders of the World"
    },
    "india gate": {
        "chirag" : "if you're traveling to India, visiting the India gate is probably on your bucket list- and it absolutely should be! It's one of the most romantic and opulent monuments on the planet- and deservedly, one of the 7 New Wonders of the World",
        "paras" : "if you're traveling to India, visiting the India gate is probably on your bucket list- and it absolutely should be! It's one of the most romantic and opulent monuments on the planet- and deservedly, one of the 7 New Wonders of the World",
        "prachi" : "if you're traveling to India, visiting the India gate is probably on your bucket list- and it absolutely should be! It's one of the most romantic and opulent monuments on the planet- and deservedly, one of the 7 New Wonders of the World",
        "riya" : "if you're traveling to India, visiting the India gate is probably on your bucket list- and it absolutely should be! It's one of the most romantic and opulent monuments on the planet- and deservedly, one of the 7 New Wonders of the World"
    }
}